detector,source_type,n,mean_iterative,mean_one_shot,mean_diff_iter_minus_one,ttest_p,wilcoxon_p,cohens_d_paired,cliffs_delta,ci95_low,ci95_high,ttest_p_fdr_bh
word_ai_prob,fresh_model_generation,3,0.5350048589528537,0.49645904482989794,0.03854581412295586,0.10808767790332839,0.25,1.6104154857768984,0.3333333333333333,0.010964319848642767,0.05386807903737889,0.21617535580665678
word_ai_prob,external_ai_text,3,0.6268820373812988,0.6438450362546075,-0.01696299887330884,0.5292575639556708,0.75,-0.435648148272326,-0.1111111111111111,-0.05506901567515643,0.022755643323014163,0.5292575639556708
stylometric_ai_prob,fresh_model_generation,3,0.5678955126384723,0.5359736010793931,0.03192191155907929,0.5091418405005546,0.5,0.4600158839402199,0.3333333333333333,-0.04658949063376533,0.0850472590293454,0.5292575639556708
stylometric_ai_prob,external_ai_text,3,0.6088850009460275,0.5291264155389286,0.07975858540709886,0.07022534838340438,0.25,2.0622049378208227,0.5555555555555556,0.04567430711288656,0.12179187267108316,0.21617535580665678
