source_type,condition,n,word_mean,word_std,stylometric_mean,stylometric_std,mean_word_count,mean_ttr
fresh_model_generation,baseline,3,0.5597586441853221,0.12069452734295436,0.6247606967936826,0.13976294435789696,174.0,0.6109812035903325
fresh_model_generation,one_shot,3,0.49645904482989794,0.13963582130708807,0.5359736010793931,0.10763775543927151,160.66666666666666,0.6785695681616919
fresh_model_generation,iterative_final,3,0.5350048589528537,0.11622202683751184,0.5678955126384723,0.13319917342287987,159.66666666666666,0.6510192705844879
fresh_model_generation,human_reference,3,0.47524902804443087,0.04734060030780371,0.23289007449217328,0.06232205491641359,58.333333333333336,0.8771929824561404
external_ai_text,original_external,3,0.5518056494988711,0.13161983721106152,0.4645780755592672,0.12019442029601209,447.0,0.5162255994165473
external_ai_text,one_shot,3,0.6438450362546075,0.05430986247025159,0.5291264155389286,0.1195977932883441,185.33333333333334,0.6673744161774914
external_ai_text,iterative_final,3,0.6268820373812988,0.07987850959621744,0.6088850009460275,0.08336985621234051,188.33333333333334,0.6496052966641203
