detector,source_type,n,mean_iterative,mean_one_shot,mean_diff_iter_minus_one,ttest_p,wilcoxon_p,cohens_d_paired,cliffs_delta,ci95_low,ci95_high,ttest_p_fdr_bh
word_ai_prob,fresh_model_generation,15,0.5882805688798555,0.5834707463597865,0.004809822520068914,0.7008730043930801,0.7197265625,0.10124530535010998,0.013333333333333334,-0.018059981669121542,0.028139941914719302,0.8644696286346342
word_ai_prob,external_ai_text,15,0.5388707449268195,0.5363443026440604,0.0025264422827591744,0.8644696286346342,1.0,0.044888707502835565,0.10222222222222223,-0.024142055221767787,0.030720156214608607,0.8644696286346342
stylometric_ai_prob,fresh_model_generation,15,0.5643738091955851,0.5295748560359412,0.034798953159643854,0.04140129747633264,0.072998046875,0.5797933620561543,0.10222222222222223,0.006324495225516028,0.06450848461311225,0.08280259495266527
stylometric_ai_prob,external_ai_text,15,0.5085161928250462,0.44254659183526346,0.06596960098978281,0.010993094065478522,0.01025390625,0.7562673301835493,0.28888888888888886,0.024066928819125238,0.10875781716317102,0.04397237626191409
